人物,人物,人物
人物,其他,剪刀手
人物,其他,发型
人物,其他,局部
人物,其他,影子
人物,其他,戴墨镜
人物,其他,眼睛
人物,其他,红唇
人物,其他,纹身
人物,其他,美甲
人物,其他,自拍屏幕
人物,其他,镜子前拍
人物,其他,面膜
人物,合影,大合照
人物,合影,朋友
人物,小孩,小孩
人物,自拍,女生
人物,自拍,男生
人物,街拍,街拍
其他,其他,其他
动物,其他,仓鼠
动物,其他,兔子
动物,其他,刺猬
动物,其他,熊猫
动物,其他,羊驼
动物,动物,动物
动物,狗,吉吉娃娃
动物,狗,哈士奇
动物,狗,哈巴狗
动物,狗,斑点狗
动物,狗,斗牛犬
动物,狗,松狮
动物,狗,比熊
动物,狗,泰迪
动物,狗,牛头梗
动物,狗,约克夏
动物,狗,萨摩耶
动物,狗,边牧
动物,狗,金毛
动物,猫,孟买猫
动物,猫,暹罗猫
动物,猫,波斯猫
动物,猫,猫
动物,猫,短毛
场景,人类,乡村
场景,人类,亭子
场景,人类,公路
场景,人类,军训
场景,人类,动物园
场景,人类,古楼
场景,人类,咖啡厅
场景,人类,图书馆
场景,人类,塔
场景,人类,夜
场景,人类,寺庙
场景,人类,山路
场景,人类,摩天轮
场景,人类,操场
场景,人类,教室
场景,人类,栏杆
场景,人类,楼房
场景,人类,欢乐谷
场景,人类,水上乐园
场景,人类,海底世界
场景,人类,演唱会
场景,人类,烟花
场景,人类,站台
场景,人类,舞台剧
场景,人类,舞蹈房
场景,人类,草坪
场景,人类,街道
场景,人类,衣服店
场景,人类,超市
场景,人类,铁路
场景,人类,雪人
场景,人类,飞机窗外
场景,人类,高楼
场景,人类,高空俯视
场景,人类,麻将
场景,四季,下雨天
场景,四季,樱花
场景,四季,落叶
场景,四季,雪景
场景,地标,凯旋门
场景,地标,吉隆坡双塔
场景,地标,国家大剧院
场景,地标,埃菲尔铁塔
场景,地标,天安门
场景,地标,广州塔
场景,地标,金门大桥
场景,地标,鸟巢
场景,场景,场景
场景,自然,大海
场景,自然,天空
场景,自然,星空
场景,自然,月亮
场景,自然,森林
场景,自然,沙漠
场景,自然,瀑布
场景,自然,绿水
